歌手名字,歌手ID
薛之谦,5781
陈奕迅,2116
林俊杰,3684
林宥嘉,3685
李荣浩,4292
华晨宇,861777
王以太,12236125
马雨阳,826336
徐秉龙,1197168
毛不易,12138269
艾热,1203045
许嵩,5771
王力宏,5346
张学友,6460
张紫豪,13906123
赵雷,6731
李佳隆,12079219
沈以诚,12002248
王北车,28083340
满舒克,188141
徐梦圆,1142042
张国荣,6457
马良,13609637
胡彦斌,3066
汪苏泷,5538
张杰,6472
周柏豪,6479
杨宗纬,6066
Lil Ghost小鬼,12493781
Jony J,784257
朴树,4721
张震岳,6453
李志,3681
周杰伦,6452
陈硕子,12079044
陈鸿宇,1058228
宋冬野,5073
郭顶,2843
MC Hotdog,4479
许巍,5770
ICE,13145283
白小白,12356407
那吾克热LIL-EM,12514278
G.G(张思源),12050057
伦桑,981141
张敬轩,6462
李克勤,3699
李袁杰,12420149
Tizzy T,1204010
陈小春,2112
董又霖,12054456
尤长靖,13058503
萧忆情Alex,1132127
萧敬腾,5768
陶喆,5196
孟凡明,12270575
潘玮柏,4723
$唐老师,12782871
Wya乌鸦,13527275
陈立农,13056440
大壮,12146142
金志文,166014
邓伦,12440042
情词尧,14857181
张信哲,6454
Ayo97,12287118
简弘亦,5001
蔡徐坤,12932368
功夫胖KungFuPen,12453329
谭咏麟,5205
暗杠,1198010
赵紫骅,1038040
灵超,13056454
张宇,6469
方大同,2738
周兴哲,980025
杨坤,6068
朱星杰,12120150
周传雄,6652
朱正廷,13057513
永彬Ryan.B,12448205
钱正昊,12118230
焦迈奇,12084229
广东雨神,12760978
刘德华,3691
河图,3249
郑锐彬,13057511
李健,3695
西瓜JUN,1115075
周华健,6456
张雪飞,12138252
Pianoboy高至豪,4726
王子异,13058502
吴亦凡,964108
林超泽,13059447
刘昊霖,4171
DP龙猪,12333145
小峰峰,790044
范丞丞,13056442
余佳运,1079074
歌手名字,歌手ID
花粥,8103
G.E.M.邓紫棋,7763
王贰浪,14312549
陈粒,1007170
蔡健雅,7214
田馥甄,9548
双笙,12025552
任然,9255
木小雅,12037229
金玟岐,893259
王菲,9621
莫文蔚,8926
王大毛,13128032
孙燕姿,9272
徐佳莹,9940
买辣椒也用券,12085562
阿涵,12292708
谢春花,1039895
曾惜,1053026
胡66,12947071
阿肆,7122
刘瑞琦,840134
杨千嬅,10204
银临,188565
袁娅维,10473
封茗囧菌,12172529
萨顶顶,9270
火箭少女101,27693474
周笔畅,10558
AY楊佬叁,12258420
AGA,768208
林忆莲,8336
洛天依,906118
张惠妹,10559
张碧晨,1024308
谢安琪,9952
玄觞,10142
杨紫,10368
郭采洁,7762
刘若英,8326
Jam,1071031
不才,961358
凯瑟喵,12003038
梁静茹,8325
三无MarBlue,1056002
岑宁儿,7409
曾轶可,10750
二珂,1081635
锦零,12277185
徐薇,978026
李瑨瑶,12038016
蔡依林,7219
萧亚轩,9945
Aki阿杰,188558
刘惜君,8334
陈慧娴,7225
陈慧琳,7235
陈绮贞,7217
邓丽君,7570
陈雪凝,12382970
陈芳语,8321
A-Lin,7063
何洁,7907
曲肖冰,12419710
冯提莫,12107534
曲婉婷,9178
于果,12262303
漆柚,12084352
泠鸢yousa,1047282
吴雨霏,9615
HITA,7898
薛明媛,12408182
Vinida (万妮达),12001060
小潘潘,12532848
戴佩妮,7535
刘柏辛Lexie,1124151
卫兰,9605
谭维维,9489
许飞,9941
阿桑,7061
刘珂矣,918054
那英,9061
张悬,10557
张靓颖,10561
鞠文娴,13112043
杨梓琪呀,29052216
黄龄,7890
宇西,1158065
韩红,7891
王若琳,9604
云の泣,981005
周星星,12157330
张韶涵,10562
陈壹千,12077204
李宇春,8327
王心凌,9606
张芸京,10572
王理文,13581257
JC陈泳彤,12347360
金莎,8259
歌手名字,歌手ID
房东的猫,1050282
S.H.E,12709
Higher Brothers,12002201
Beyond,11127
五月天,13193
音阙诗听,12174521
摩登兄弟,1094010
苏打绿,12707
阿里郎,11015
烟把儿,1021160
南征北战NZBZ,189873
逃跑计划,12977
鹿先森乐队,1195028
好妹妹,711683
英雄联盟,1047337
RAiNBOW计划,1047139
安全着陆,12204436
满汉全席,1161201
新乐尘符,12503194
牛奶咖啡,12437
CNBALLER,12191014
Gifty,14017398
丢火车,11370
88rising,15022053
C-BLOCK,11257
By2,11097
昼夜,12052034
F.I.R.,11562
Fine乐团,1160085
Gosh Music,12072073
小蓓蕾组合,166005
Soler,12721
不靠谱组合,12296026
HAS,12359027
GALA,11679
eason and the duo band,14713083
大乔小乔,11358
BRGang,12056078
洛少爷,12060031
橙光音乐,12063096
偶像练习生,13059577
动力火车,11363
有声小说,947021
草蜢,11265
乐华七子NEXT,15021290
飞轮海,11561
宝宝巴士,14714082
Maxone,12001082
ANU,12074125
南拳妈妈,12438
千坂,12138261
长气制作,12039082
信乐团,13283
水木年华,12712
霹雳布袋戏,12639
一棵小葱,12128298
痛仰乐队,12971
PRC,1207041
龙井说唱,12181
人衣大人,996336
青蛙,12608
布衣乐队,2092
SevenGurusFamily,12360194
饭碗的彼岸,1138028
小旭音乐,900347
顽童MJ116,13200
Maxone老虎,12205792
situasian张太郎,1153005
直火帮 Straight Fire Gang,12003155
my little airport,12264
花儿乐队,11761
旅行团,12111
UP GANG,12199153
羽·泉,13418
A.T.L (Above The Law）,13026202
Meow,12327097
TFBOYS,827728
孤矢,1194094
Mr.,12266
青鸟飞鱼,12604
至上励合,13584
打扰一下乐团,1032426
中国人民解放军军乐团,13593
展展与罗罗,12475735
BC221,12676703
纵贯线,13580
邱有句,12079231
Sweety,12728
万能青年旅店,13223
海龟先生,11830
JS,11952
凤凰传奇,11564
CG,12118566
筷子兄弟,12081
男才女貌,12444
不可撤销,900084
黑豹乐队,11759
SNH48,794014
盘尼西林,900021
网易游戏,751129
歌手名字,歌手ID
Alan Walker,1045123
Charlie Puth,90331
Justin Bieber,35531
Ed Sheeran,33184
Olly Murs,41034
Eminem,32665
Martin Garrix,780003
Troye Sivan,45129
Bruno Mars,178059
Marshmello,1060019
Avicii,45236
Zedd,46376
XXXTENTACION,12107961
R3hab,197248
Drake,53283
TheFatRat,1019952
Austin Mahone,29121
Wiz Khalifa,46006
Daddy Yankee,31297
David Guetta,31211
Tobu,964486
Rich Homie Quan,797253
Russ,241588
Phum Viphurit,12526488
DJ Snake,296416
Justin Timberlake,35331
Young Thug,287014
Joel Adams,1188100
Luis Fonsi,38154
Pascal Letoublon,12634325
Twinbed,1033030
Calvin Harris,29968
Rich Brian,12024301
Rag'N'Bone Man,1053202
Timmy Trumpet,858362
J Balvin,309127
Flo Rida,56783
MKJ,469200
Achim Reichel,47097
Shawn Mendes,956238
Tunes of Fantasy,816413
Sam Tsui,43722
Post Malone,1057092
Digital Farm Animals,840929
Khalid,301757
Alex Goot,28690
Consoul Trainin,207285
gnash,1137226
Jason Mraz,35332
Jon Bellion,860113
Michael Jackson,38853
Willy William,1150186
DEAMN,12047335
Axero,1035020
Dr. Dre,53243
DJ Okawari,13950
Tiësto,688047
Deepmaniak,12620097
Lost Frequencies,1039114
Janji,1032229
KSHMR,896139
Snoop Dogg,42939
Deep Chills,1063083
Boyce Avenue,29709
Lil Yachty,12029208
The Weeknd,185858
Lauv,1057226
Mike Perry,195021
Jake Miller,776761
Kygo,844410
ILLENIUM,1050518
Bazzi,12262073
Pitbull,41143
Steerner,783190
CADE,12069101
will.i.am,45838
Asher Monroe,28727
Deorro,366358
lil sophy,12335367
Tez Cadey,488571
Steve Aoki,43608
Kendrick Lamar,37995
Savage,74873
Hardwell,34994
Alok,1170012
21 Savage,12062134
Conor Maynard,29020
Ty Dolla $ign,789235
K-391,1049937
Richard Clayderman,41937
Álvaro Soler,1078381
Anthony Keyrouz,12203139
Sam Smith,740216
Romy Wave,12279206
Mark Ronson,38898
G-Eazy,820036
Mark Petrie,40266
Matteo,743068
Martell,12023568
Darin,31200
歌手名字,歌手ID
Christine Welch,7520
Sia,74625
Selena Gomez,140196
Rihanna,72724
Taylor Swift,44266
Camila Cabello,12136039
Cozi Zuehlsdorff,1097153
Halsey,964321
Madilyn Bailey,69270
Nicki Minaj,70183
Cecile Corbel,51012
Iselin Solheim,1078390
Lana Del Rey,66212
Beatrich,12322300
Avril Lavigne,46490
Delacey,489045
Charli XCX,53092
Ariana Grande,48161
Carly Rae Jepsen,50934
Adele,46487
Kim Taylor,63943
Noah Cyrus,12175271
Lady Gaga,64147
Demi Lovato,53236
Zella Day,900106
Phoebe Ryan,854363
Beyoncé,48436
Bebe Rexha,336466
Lenka,64143
Ellie Goulding,56598
Dua Lipa,1135086
Kesha,63901
Katy Perry,62888
IVIE,12154348
Maggie Lindemann,1147155
Kelly Clarkson,62885
Miley Cyrus,66361
Jessie J,62662
Laura Brehm,207693
SHY Martin,12354062
Bea Miller,908180
P!nk,70821
Mariah Carey,66355
Alessia Cara,1074089
Lola Coca,12040030
Au/Ra,12143031
Tomine Harket,12073571
MØ,783150
Anne-Marie,1102181
Shiloh,77283
Britney Spears,48432
Meghan Trainor,69173
Monogem,1078007
Billie Eilish,11972054
Allie X,973030
Noonie Bao,70298
Colbie Caillat,50890
Rachel Platten,74518
Bishop Briggs,198937
Christina Perri,52979
Skylar Grey,74801
Alex G,48409
Kehlani,1060155
Cardi B,12504253
Olivia O'Brien,12095275
Ina Wroldsen,60879
Daya,1081186
Ingrid Michaelson,60351
Jess Glynne,904046
Celine Dion,50893
Sofia Reyes,999195
Tinashé,45221
Zara Larsson,816461
Russian Red,72726
Rezz,1019466
Otilia,927034
Kiiara,1124598
Shakira,74623
Melanie Martinez,816507
Veela,193221
Vanessa Hudgens,83519
Wisp X,1046123
Iggy Azalea,60906
Jewel,60923
Charlotte Lawrence,12335330
Jasmine Thompson,863042
Marian Hill,893433
Dia Frampton,55454
Anjulie,46502
Angelika Vee,904230
Rachael Yamagata,72720
Nevve,12567101
Maria Arredondo,66346
Birdy,50403
Diana Boncheva,55469
Lindsey Stirling,66225
Shahzoda,77894
Poppy,12441148
Rita Ora,74575
Connie Talbot,50898
歌手名字,歌手ID
The Chainsmokers,893484
Coldplay,89365
Maroon 5,96266
Vicetone,747030
Imagine Dragons,94779
Two Steps From Hell,102714
Fall Out Boy,56782
OneRepublic,98105
Fitz & the Tantrums,92830
Linkin Park,95439
Clean Bandit,754010
Owl City,40859
Westlife,45839
Cash Cash,50905
Cheat Codes,1078252
Anthem Lights,86862
SCNDL,527682
The xx,102035
One Direction,98351
Nightwish,97516
Little Mix,96072
Dimitri Vegas & Like Mike,791298
The Script,102028
Groove Coverage,93186
Audio Machine,87066
Bandari,88149
The Score,212904
Fly Project,92933
Against the Current,783418
Feint,93062
Fifth Harmony,794152
Marcus & Martinus,1132109
Tungevaag & Raaban,1090022
Unlike Pluto,860945
The Downtown Fiction,103121
Aash Mehta,1094364
Black Eyed Peas,88146
Carpenters,89363
W&W,46131
VINAI,804422
Backstreet Boys,88148
Krewella,208915
Major Lazer,96309
SeeB,1182169
Approaching Nirvana,86884
Daft Punk,90513
Pixie Paris,1032313
Lovestoned,95748
Walk off the Earth,105493
Capo Productions,90097
X-Ray Dog,105618
Michael Learns To Rock,96269
Migos,776824
Yellow Claw,832880
Passenger,70840
Eagles,91725
M2M,66344
Transviolet,1122080
Showtek,100696
twenty one pilots,784190
Queen,41906
Joan Jett & the Blackhearts,94968
R. City,99630
The Band Perry,102919
Broiler,886022
Rixton,840899
Grey,58424
Бамбинтон,12862084
ItaloBrothers,94730
Oh Wonder,1050128
Campsite Dream,1146068
Loud Luxury,12096064
Timeflies,103858
Fort Minor,33358
Cigarettes After Sex,12023319
LANY,999460
Matisse & Sadko,947054
Ashes Remain,87231
Lady Antebellum,95456
Doctor Vox,792631
Lukas Graham,38797
BEAUZ,12131436
Young Rising Sons,947185
Alexander Jean,1181562
Rae Sremmurd,981142
Green Day,93187
Gamper & Dadoni,1085102
Nightcore,1018108
Blaxy Girls,48525
Blue,88145
Simple Plan,42937
DVBBS,820029
Fool's Garden,92442
Toby Fox,1193377
The Weepies,101981
Glee Cast,93226
The Cranberries,101982
X Ambassadors,780159
Dreamtale,90511
Project 46,776674
歌手名字,歌手ID
Hoaprox,1177234
мавлан музыка,12606574
Miradiljan-Bawudun,13450978
ummon,12171067
AniFace,12259037
曲木陈呷,15200513
Namunong,12127409
α·Pav,4716
Farrux Xamrayev,12282707
四季音色,12028059
Arijit Singh,956454
YUKIri,12216068
Lopu$,12027465
Klaas,106210
Mewlan Memtimin 买吾兰,12037170
JIEBOSS,12396254
Sarvar va Komil,12095021
Batur_Abduqadir|باتۇرئابدۇقادىر,12701388
BAHERDIN TURSUN,1213020
ᴍᴀᴍᴀᴛᴊᴀɴ-ᴀʟɪᴍ,13109480
Эндшпиль,11976024
Cydian,12386353
ismail-yk,1049007
罗布桑珠,12570941
Ivan Torrent,816336
Eliyar Hudabardi,1061020
ChenDjoy,1143054
Mr.mo,12092465
Nadeer,13164077
Adiljan Mamitimin,12083816
emoshinobi,12395082
Pritam,956243
Mike Piromporn,12171178
Bojalar Guruhi,1181290
AVALON,12228495
Kaysar,13109300
SimorE,1203059
TATA,12288125
D.Ark,12610496
Anti-General,1007061
sagun,12675217
A.R. Rahman,27619
Aosaki,189605
Nutul,12184546
Abdughopur_Abduwali,1183007
iw ix,3441
Ebrayim Enwer,12293164
张小她,12193962
1n,12085208
Dafi,12046848
蓝云木,12277201
Alanis徐扬帆,12875949
大象先生,12026225
DJ Top,1199086
Sardor Rahimxon,12931679
Shahrukh Khan,1047171
AgNo3,12479169
_Stefano,1185058
Namsız,12002135
remix,12316095
Mirjon Ashrapov,1049077
Dimash Kudaibergen,12274208
Nurum kurben,12570032
Salim-Sulaiman,106308
MuHtAr Jan - Yasin,1132282
Masque_Jupiter,12336331
SnoweeD,1192253
Adiljan-Ahat,13791350
MuratjanMuxter,12205176
YounC,12272974
死病娇XiaoFeng,12359125
UmuD Eziz,1120093
sinol,12391100
K-M-E,12309198
Suhrob,12945398
音浪,1039375
Ice Sarunyu,35200
豆沙团子AnDango,12139554
joke teller,12362577
босс,12564471
DeeSh1ne,12270334
德勒闹吾,12392012
Miri Yusif,1120117
Alex Aiono,12093055
skeleton,12454951
DipperX,1019512
Sickick,12010168
Rajiv Dhall,1038212
Mirbek Atabekov,1047181
Riyatjan-Muhammat,12001166
真菌,12117044
马尔科夫,12027078
大土班的魔仙堡,12520374
PaRaD1SE,12158070
鲸鱼马戏团,1026039
澄海伯伯,12147170
WayneWaste,12479432
Hojiakbar Haydarov,12975034
Son Tung,1170007
牛奶味夹心阿尔卑斯,12085539
歌手名字,歌手ID
Nuzur Zeli,12091148
Sainkho Namtchylak,106570
Veronica,106614
Lata Mangeshkar,106489
Alka Yagnik,106399
Truong Quynh Anh,106601
Yuna,106626
酷癌KooEye,12156273
Shirfine,189603
Lola,1193539
Meghna Mishra,12902072
Siti Badriah,12710805
GulgineMollaemet,12194330
茜拉,275494
Shafaet Osman,12851125
尤沫Dina,12293200
Ten Nararak,106600
樹莓蛋奶酥,12183274
水玥兒,12255040
Baturjan Gittar,12332137
Sol Ciel,12273001
绾绾Akari,12027555
Tata Young,18167
Jannine Weigel,1137283
ChianoSky,955063
SAR_H,13413016
Ice Preechaya,1193231
Lydia Sarunrat,106470
Suchitra,1111014
Isyana Sarasvati,1177004
伊帕尔古丽,1064029
Gulsanam Mamazoitova,12974012
Panadda Ruangwut,72578
cattzįm,12277696
DU丢丢丢,12281458
小波蒂,12184692
才姆措,12632451
Niniola,12232046
糖风,12282798
猫叶叶,14608399
Miu Le,367740
Dilso'z,12935099
水曜日,189941
三 角 測 距,12320883
Asha Bhosle,106414
Gypso Ariigantha,1192179
1̶2̶,12769255
Aleyna Tilki,12566123
李芮,12272701
Namika,1115152
AGNEZ MO,48055
SudiyeAy Mexmut,12204228
北檀,12204552
King Princess,13227500
Mook Worranit,1085015
Sevinch Mo'minova,12977084
Palmy,72539
伊美达,1084169
Alok,12870603
Nilufar Usmonova,12312099
Nat,658164
Yinglee Srijoomphol,1044260
Nan Vatiya,11971047
Elissa,56589
Zhenya Lubich,12008148
Lula,106479
予词,1050470
Focus Jeerakul,213369
Orange,13565060
次珍,12328964
宇田,759258
李内向,12200879
Eunomia,12271808
Yaya Urassaya,1057190
Wan Wanwan,12054248
Sam Rui,12053616
Cita Citata,1120039
Света Светикова,106576
Lagoon West,106474
Kishore Kumar,106476
Adrenalina,12008158
Toey Jarinporn,106605
Angel,28150
Praw Kanitkul,106541
Da Endorphine,106421
楠葵子,12288566
Melis Kar,12423043
МанТана,11977024
Fymme Bongkot,11971077
Namcha Sheranut,169075
Earth Patravee,1132774
猫亦记事录,1205026
Dong Nhi,711365
Punch,106542
Ann Thitima,106376
Kyla,63876
周毛嘉,12032325
李行,12288460
Khởi My,1177059
Yileen,12553384
歌手名字,歌手ID
落日飞车,11074
Dervishi,106727
Benom guruhi,12505929
Khalid,510446
九宝乐队,106805
4oot,12259787
GumNam,12324675
ForceZL,1184013
RED,12281709
抛抛,12051100
Jatin-Lalit,106801
FREE FLOW FLAVA ,1186015
Die Antwoord,106717
Do Shit,12139012
Hurd,106780
ZebraZebra,13683852
H.M.Funk,12291554
牧羊人,1025208
Cheetah Mobile Games,12276318
Nadeem & Shravan,452098
Sleepmakeswaves,100022
Getsunova,905156
AMTwo,12642917
Weed,12071037
Huun-Huur-Tu,106782
BNC$BrandNewCohort,12194976
SkyLights,1143051
AltaiKAI,106630
GOMAR STUDIO,1194100
Elecrystal Sound Team,12288929
KLEAR,95427
Yiltiz,1064094
ORDA,12000034
Fly,12976180
Мельница,818191
TATAR,106929
Potato,72492
ARnPRo,12172418
巅藏说唱团,12119141
Namgar,106855
千夜,12610587
2nd Room,1083129
eigenTunes亦听,1207047
PSYKHON,12174281
New & Jiew,106863
Budokan,106688
DJ宋雨飞已退,12173248
Superbrothers,13568051
惊奇海洋（Marvel ocean）,12070076
Bana-X,14804020
Anima,85667
Bodyslam,88356
林如韵,12600335
Khusugtun,1028050
August Band,106634
Natural Garden,711197
Amanecer Ecuador,106647
Room 39,12170117
PAUSE,12231140
Zaza Travel,106991
Cocktail,1146056
Yat-Kha,106366
欧洲音厨,12032215
桑布扎,946008
Zeal,46334
Labanoon,11991056
Melo'Men,1122025
K.P.R.,12648648
25 hours,106998
The Bilz and Kashif,996535
MelodyGarden,12172468
VIA Marokand,12970134
The Bottom Blues,103498
Dvar,106722
SIH SHANDIIN HOOLAI,12200872
Lipta,904054
Four Mod,92450
Cutie*,1142003
Instinct,12053243
Crystal Lake,1161044
Inspirative,106790
Part Time Musicians,12219123
野狼乐队,12359215
ABNormal,1192522
Poorman,12641213
ГРУППА ПИЦЦА,1049361
Q-Audio,12037049
贝叔,13793310
Krist-Singto,14098156
蓝野乐队,12197
RTG,12185319
Tengir-Too,106814
Bedroom Audio,1049244
Muxu,12274
Jangaa组合,13110785
Controls,12497408
Singular,100101
Gang Chenpa,106766
Asanee & Wasan,12053309
ДДТ,106733
歌手名字,歌手ID
米津玄師,159300
DAISHI DANCE,13953
高梨康治,15639
久石譲,14408
まふまふ,896913
澤野弘之,15290
リリィ、さよなら。,1101089
高橋優,159892
和田光司,15800
宗次郎,14960
佐橋俊彦,15291
川井憲次,14437
4円,782024
玉置浩二,15558
増田俊郎,14762
大野克夫,15105
坂本龍一,15289
そらる,15513
mpi,12475614
林ゆうき,14202
横山克,15917
a_hisa,13908
岸部眞明,14429
宮崎歩,829001
矢野立美,15948
神前暁,14629
和田薫,15824
Otokaze,15164
岡本光市,14598
Ken Arai,14695
illion,711232
鏡音レン,190527
ぼくのりりっくのぼうよみ,1193435
Sou,1193225
出羽良彰,855541
DECO*27,14001
吉森信,15855
折戸伸治,15102
伊東歌詞太郎,908227
徳永英明,13961
天門,15599
浜口史郎,14220
押尾コータロー,15081
光宗信吉,14775
布袋寅泰,14176
Mabanua,14748
三輪学,14866
菅田将暉,12334348
Neru,546614
秦基博,14153
Linked Horizon,15258
rairu,1049315
麻枝准,14782
JAY'ED,14410
芳賀敬太,12251253
luz,1019715
nero,15047
黒うさP,14610
SoulJa,15286
山岡晃,15871
百石元,14267
目黒将司,13828
祖堅正慶,824090
天月-あまつき-,13892
Aiobahn,1137416
上北健,768136
Matt Cab,39866
りぶ,818032
KG,14537
梅林茂,42983
鷺巣詩郎,15300
しゅーず,1047285
奥户巴寿,231900
増田俊樹,911008
岩崎琢,14056
いすぼくろ,12006116
深澤秀行,162150
松田彬人,17432
赤ティン,908132
佐藤直紀,15325
菅野祐悟,14472
大橋トリオ,161404
kous,14618
まらしぃ,14786
山下智久,15848
阿保剛,160387
植松伸夫,15806
平井 大,14270
Blazo,18750
Nujabes,162138
Ujico*/Snail's house,1079081
Jeku,12249087
Audio Highs,13819
足首,12023217
かんせる,1124288
植地雅哉,15789
向井太一,12192084
C.A.R.L,12177051
Robert de Boron,15252
加藤達也,159970
歌手名字,歌手ID
初音ミク,159692
Aimer,16152
花澤香菜,16456
DAOKO,855508
れをる,990289
majiko,191316
茅野愛衣,16906
小林未郁,16823
鹿乃,17014
鎖那,1002089
早見沙織,16501
花たん,16523
戸松遥,17905
KOKIA,16686
中島美嘉,160729
mizuki,981205
手嶌葵,17904
梶浦由記,16692
浜崎あゆみ,16405
つじあやの,17637
茶太,17601
鏡音リン,160154
GUMI,188274
96猫,18345
中島みゆき,17307
宇多田ヒカル,18122
やなぎなぎ,18303
磯村由纪子,16658
あいみょん,1053279
miu-clips,17088
伊藤サチコ,16605
Anan Ryoko,16069
nameless,1150207
水瀬いのり,1004106
鈴木このみ,17881
森永真由美,17227
CHiCO with HoneyWorks,1049332
柴田淳,16215
Gemie,12531080
広橋真紀子,16424
東山奈央,18012
當山みれい,954456
雨宮天,932027
Ms.OOJA,17143
高橋李依,1120106
YUI,18168
釘宮理恵,16690
EVO+,1154015
のぶなが,191321
ラブリーサマーちゃん,1120193
小野リサ,17479
iris,792599
ZARD,18349
倉木麻衣,161545
木村弓,16874
LiSA,16995
辻詩音,17644
青山テルマ,16017
椎名林檎,17635
いとうかなこ,16277
水樹奈々,17028
タイナカ彩智,17913
TRUE,896286
井口裕香,16625
Stack,778009
千菅春香,896226
MARiA,17301
川嶋あい,16700
久保ユリカ,900294
すぃ,12108042
Lia,16993
ヲタみん,18149
さユり,1116297
西野カナ,17313
Che'Nelle,52065
大冢爱,17477
nayuta,17401
茅原実里,17596
+α/あるふぁきゅん。,1050587
ルルティア,17597
小倉唯,17554
坂本真綾,17636
藤田麻衣子,16349
aori,12248031
Duca,16260
めらみぽっぷ,17207
Lyn,12262949
志方あきこ,17639
Tielle,12629228
安田レイ,787220
AZU,15998
ナノ,15063
Cyua,1181299
葉月ゆら,16465
ななひら,15021
藍井エイル,16151
ChouCho,16138
原田ひとみ,16486
acane_madder,723021
Ceui,16212
歌手名字,歌手ID
ラムジ,21196
SawanoHiroyuki[nZk],1096011
RADWIMPS,21132
MYTH & ROID,1137126
Valentin,22247
ONE OK ROCK,20878
EGOIST,19353
ハンバート ハンバート,19678
Goose house,19618
嵐,20292
Foxtail-Grass Studio,19481
fripSide,19395
S.E.N.S.,21309
ClariS,18961
ヘクとパスカル,990035
いきものがかり,19270
Falcom Sound Team jdk,19455
GARNiDELiA,19605
Mili,339594
刃-yaiba-,12333086
RAM WIRE,21162
H△G,996276
whiteeeen,1051003
音乐治疗,896513
上海アリス幻樂団,15345
WANDS,22299
六三四,20545
m.o.v.e,20466
ギガP,804355
MONKEY MAJIK,20453
ワルキューレ,161017
Supercell,21397
BAAD,18711
μ's,747064
End of the World,21463
MY FIRST STORY,20689
OxT,1080016
amazarashi,18480
SPYAIR,21503
ゴンチチ,20041
Kalafina,20032
UVERworld,22300
CHAI,12400117
幽閉サテライト,22435
DEPAPEPE,19107
FLOWER,19446
7!!,22540
Perfume,20965
みかん箱,20578
back number,18771
Sound Horizon,21306
AAA,18354
FELT,19460
GENERATIONS from EXILE TRIBE,711243
HoneyWorks,19859
ステレオポニー,21314
和楽器バンド,906077
The Nature Sounds Society Japan,22095
Della,19205
XX:me,13222556
moumoon,20463
CLIFF EDGE,18896
YUC'e,12054347
Alstroemeria Records,18468
ササノマリイ,1005027
STEREO DIVE FOUNDATION,852054
TAMUSIC,21967
ボイジャー,19873
VOCALOID,22250
Aqours,1156242
KinKi Kids,20037
M.Graveyard,20579
スピッツ,21308
ワカバ,22354
UPLIFT SPICE,22191
シド,19970
livetune,20374
FLOW,19393
関ジャニ∞,20040
SNKプレイモア,21380
FictionJunction,19391
ROOKiEZ is PUNK'D,21192
JAM Project,19975
凋叶棕,21981
GReeeeN,19550
CY8ER,12046863
EastNewSound,19312
MAGIC OF LiFE,19157
Jusqu'à Grand-Père,20025
マクロスMACROSS 82-99,850045
古川本舗,19475
欅坂46,12009134
ヒトリエ,784134
Chouchou,857097
Piano Master,21045
ANANT-GARDE EYES,11995148
sweet ARMS,747058
贵族乐团,958026
"Sing, R. Sing!",21537
魂音泉,21200
歌手名字,歌手ID
SHAUN,1150188
July,123825
George,12009165
G-Dragon,123577
Yiruma,124097
伯贤,1047070
Loco,124303
PSY,124492
Riot Ten,1113015
Junggigo,123937
Keith Ape,1120063
Frankmusik,33368
Chen,967037
朴宰范,124542
Turbotronic,124853
甘雨,124739
Mad Clown,124367
Verbal Jint,124925
权正烈,1053028
J_ust,1108042
October,124470
灿烈,1011017
太阳,124831
Crush,711186
MJ,124333
DEAN,1124004
Mario,124316
Zico,160347
Henry,776875
车银优,12121252
RUNY,13057852
K.Will,166027
Why,1081889
FADER ONE,12259963
JIDA,12150055
Gary,869001
Okasian,124472
卞耀汉,1191067
Fizo Faouez,12107943
Rain,124593
Animenz,1055014
QCQ official,13197128
SaMZIng,1203033
Laoz G,12304406
Toygar Işıklı,13196862
Vine,12311326
J. Lisk,12121101
吴赫,1054133
Zion.T,125125
Primary,124537
Ghayrat Mahmut,1081917
Crooks,123393
KANGTA,123188
郑世云,12487104
Nu.D,1032077
宋旻浩,985011
曺圭贤,123592
j-hope,1088128
Dok2,123416
Jami Soul,123813
The One,124845
JayAllDay,1146012
D.O.,1019321
Tiger JK,126600
SUGA,1088131
黄致列,1087387
Bruno,12096124
俊昊,190319
YB,12519733
郑镒勋,1046469
AK,1192509
钟铉,716002
咖啡少年,124063
GAEKO,711140
郑容和,123908
朴振荣,124487
Jung Kook,1075078
Owol,1193135
ESti,123535
MinMi,124366
龙俊亨,196774
V,1088125
Epitone Project,123511
RM,1044137
成始璄,123310
泰民,762060
My-Q,124313
陈敏镐,12149063
河佑镇,123640
T.O.P,124858
JINHO,12132537
Crepe,123386
Robins Lu,12490483
제이형,12487075
赵冠宇,125072
李文世,124127
郭泰勋,1050538
Tablo,124872
Bizzy,193266
Zhouna,1075094
歌手名字,歌手ID
J.Fla,805090
강혜인,28899383
泫雅,126066
太妍,125506
宣美,818678
Hari,125416
IU,160947
李宝蓝,125686
尹美莱,126011
金娜英,830036
Ailee,125175
Punch,1043105
DIA,125296
金喜善,203245
Jessica,125527
송보람,12503061
Sara,125909
朴素彬,125841
BoA,125237
Rachel Lim,12544217
Sevinch Mominova,12200929
泰仁,126019
Saniyam Ismail,12874411
白智英,125216
李贞贤,125616
蔡妍,125230
Suran,1081589
白娥娟,159634
孝琳,818694
普映蒙,12852374
Mi-Yu,1066121
秀智,768284
이민정,12487059
MIWOO,1097005
孝敏,956382
智妍,896243
CL,768159
Çhay,12479766
Lillo,963067
Gummy,125351
Hello Gayoung,905373
Celine,28390550
Oohyo,963562
Sugarhate,12090010
Choco And Vanilla,12108460
JB,125498
李仙姬,125623
Rothy,12828299
Who r u?,11975241
NS允智,125783
李孝利,125615
ZaleLes,12118026
昭宥,866090
JN,125546
敏雅,493780
Yulia,126151
이아람,12474074
李珍雅,1032432
Ali,125183
Cydney,552732
Han All,1007067
Jinsil,1025248
淑熙,125935
郑世珍,1085025
张才人,126210
Taru,126014
Tiffany Young,126009
조하니,1050158
李妍智,125549
星,126061
林允儿,126130
全秀妍,125869
Jessi,1050232
Heize,964049
李遐怡,181009
LYn,125617
沈圭善,125968
张娜拉,126174
尹恩惠,126099
DJ Soda,12046196
Younha,126101
PUP,12259460
Krystal,125591
Yangpa,125610
朴智敏,827360
진호,125581
가음,1193519
Lu Sienna,125236
朴素妍,787194
米娜,125755
郑仁,126191
雪娥,12098020
Wax,126112
赵贤雅,718007
白艺潾,1050333
Ben,783299
金宝京,125543
Aries,1181090
郑恩地,174005
Hani,1081893
歌手名字,歌手ID
BTS (防弹少年团),783124
EXO,759509
脸红的思春期,1039524
BIGBANG,126339
T-ara,127815
少女时代,126793
GOT7,881021
BLACKPINK,12068017
(G)I-DLE,14055085
Red Velvet,976157
宇宙少女,1193531
TWICE,1161043
iKON,1011143
Super Junior,127587
f(x),127043
PENTAGON,12041119
CNBLUE,126524
EXID,126721
ASTRO,11996164
레게 강 같은 평화 (RGP),159554
SHINee,127582
WINNER,976163
TAIBIAN,830062
Triple H,12369104
下垂的蜗牛,128134
Trouble Maker,161330
DAViCHi,126592
BTOB,126454
NCT DREAM,12107352
StudioEIM,11978034
hyukoh,1054167
Wizet,1132171
Leessang,127089
Beast,126377
4MINUTE,128176
The Royal Concept,104353
Apink,126277
Wonder Girls,128048
SUPER JUNIOR-D&E(东海&银赫),896940
CLC,1053145
Rocoberry,916094
2PM,128182
AOA,126312
东方神起,126614
2NE1,128177
Plastic,896043
高耀太,126797
We Are the Night,792757
EXO-K,126722
MZJ,12198272
G'Night Stand,1192052
青春学概论,1103095
miss A,127210
Epik High,126682
Clubhunter,126504
Weki Meki,12505884
GFRIEND,1046043
Kara,127055
Infinite,126982
EXO-CBX,12155133
DAY6,1146052
许空&孙振英,1191217
이웃집 꽃순이,12262858
Standing Egg,127686
NCT 127,12073222
神话,127584
Brown Eyed Girls,126327
屋顶月光,128040
B1A4,126409
Wanna One,12506025
SEVENTEEN,1080132
Mamamoo,868006
Dazzling Red,673006
七公主,127485
GD X TAEYANG,1032279
Seenroot,1060006
DIA,1144034
FTISLAND,126737
10cm,128195
Crayon Pop,126581
乐童音乐家,758041
발라드 공장,12776147
少女时代-TaeTiSeo,159879
Girl's Day,126828
Blue Eyelids,1150274
Lovelyz,1026002
乌龟组合,128028
挪威森林,1019698
NÉONHÈART,12273083
Therion,78203
Dynamic Black,712054
강아지 음악,12474644
SS501,127585
JYJ,159051
After School,126236
As One,126243
DancingLi0n舞狮,12367045
Stellar,127714
Stray Kids,12647860
B.A.P,126438
